[
   {
      "content": [
         {
            "url": "http://registrar.princeton.edu/course-offerings/course_details.xml?courseid=002051&term=1142", 
            "details": "An introduction to computer science in the context of scientific, engineering, and commercial applications. The goal of the course is to teach basic principles and practical issues, while at the same time preparing students to use computers effectively for applications in computer science, physics, biology, chemistry, engineering, and other disciplines. Topics include: hardware and software systems; programming in Java; algorithms and data structures; fundamental principles of computation; and scientific computing, including simulation, optimization, and data analysis. Two lectures, two precepts.\n", 
            "prefix": "COS", 
            "number": 126, 
            "name": "General Computer Science"
         }, 
         {
            "url": "http://registrar.princeton.edu/course-offerings/course_details.xml?courseid=002065&term=1114", 
            "details": "This is a course about the practice of programming. Programming is more than just writing code. Programmers must also assess tradeoffs, choose among design alternatives, debug and test, improve performance, and maintain software written by themselves & others. At the same time, they must be concerned with compatibility, robustness, and reliability, while meeting specifications. Students will have the opportunity to develop these skills by working on their own code and in group projects.", 
            "prefix": "COS", 
            "number": 333, 
            "name": "Advanced Programming Techniques"
         }, 
         {
            "url": "http://registrar.princeton.edu/course-offerings/course_details.xml?courseid=011558&term=1134", 
            "details": "Course teaches engineering students about issues tackled by leading Chief Technology Officers: the technical visionaries and/or managers who innovate at the boundaries of technology and business by understanding both deeply, and who are true partners to the CEO, not just implementers of business goals. Focus will be on thinking like a CTO (of a startup and a large company) from technology and business perspectives, and on software and Internet-based businesses. Industry-leading guest speakers provide perspectives too.\n", 
            "prefix": "COS", 
            "number": 448, 
            "name": "Innovating Across Tech, Bus, & Mkts"
         }, 
         {
            "url": "http://registrar.princeton.edu/course-offerings/course_details.xml?courseid=012025&term=1142", 
            "details": "The mission of the class is to enable students to successfully create and lead enterprises by teaching the basic skills required to be a successful entrepreneurial leader. This class compliments EGR 491 \"High Tech Entrepreneurship\" which focuses on 'giving birth to a company', by focusing instead on enterprise 'early child rearing'. The basic skills taught fall into three major categories: how to create and manage powerful relationships, how to know and manage yourself, in addition to understanding how organizations work as they evolve from the idea stage to become value producing, self-sustaining enterprises.\n", 
            "prefix": "EGR", 
            "number": 497, 
            "name": "Entrepreneurial Leadership"
         }, 
         {
            "url": "http://registrar.princeton.edu/course-offerings/course_details.xml?courseid=002518&term=1142", 
            "details": "This \"hands-on\" practical course introduces students to the analysis and actions required to launch a successful high tech company. Using several conceptual frameworks and analytical techniques, it addresses the challenges of evaluating technologies for commercial feasibility, determining how best to launch a new venture, attracting the resources needed to start a company (e.g. people, corporate partners, and venture capital), preparing comprehensive business plans, structuring business relationships, and managing early stage companies toward \"launch velocity\" and sustainable growth.", 
            "prefix": "ELE", 
            "number": 491, 
            "name": "High-Tech Entrepreneurship"
         }, 
         {
            "url": "http://registrar.princeton.edu/course-offerings/course_details.xml?courseid=011280&term=1114", 
            "details": "Technology and society are unthinkable without each other - each provides the means and framework in which the other develops. To explore this dynamic, this course investigates a wide array of questions on the interaction between technology, society, politics, and economics, emphasizing the themes of innovation and maturation, systems and regulation, risk and failure, and ethics and expertise. Specific topics covered include nuclear power and waste, genetically-modified organisms, regulation of the internet, medical mistakes, intellectual property, the financial crisis of 2008, and the post-fossil-fuels economy.", 
            "prefix": "EGR", 
            "number": 277, 
            "name": "Technology and Society"
         }, 
         {
            "url": "http://registrar.princeton.edu/course-offerings/course_details.xml?courseid=010155&term=1134", 
            "details": "In today's hypercompetitive global marketplace, innovation is the lifeblood of any business enterprise. This practical course exposes students to the fundamental aspects of leading the technological innovation process: from strategy formulation, idea generation, invention/concept development, through business plan preparation and decision making to commercialization, critical success factors, process optimization and corporate agility. It covers the basic practices required to become technology-savvy leaders in a complex technological society.", 
            "prefix": "EGR", 
            "number": 437, 
            "name": "Innovation Process Leadership"
         }, 
         {
            "url": "http://registrar.princeton.edu/course-offerings/course_details.xml?courseid=012296&term=1134", 
            "details": "This course will review the policies that influence new technology development and use in the health care sector. The course will explore how governments promote health innovation and regulate safety, and it will familiarize students with the broader social and the institutional factors that influence technology development, uptake and diffusion in health care systems.\n", 
            "prefix": "MOL", 
            "number": 402, 
            "name": "Health Innovation and Policy"
         }, 
         {
            "url": "http://registrar.princeton.edu/course-offerings/course_details.xml?courseid=008004&term=1124", 
            "details": "Electronic commerce, traditionally the buying and selling of goods using electronic technologies, extends to essentially all facets of human interaction when extended to services, particularly information. The course focuses on both the software and the hardware aspects of traditional aspects as well as the broader aspects of the creation, dissemination and human consumption electronic services. Covered will be the physical, financial and social aspects of these technologies.", 
            "prefix": "ORF", 
            "number": 401, 
            "name": "Electronic Commerce"
         }, 
         {
            "url": "http://registrar.princeton.edu/course-offerings/course_details.xml?courseid=011905&term=1124", 
            "details": "Students will learn the process for developing and operating a business in our economy's fastest growing field -- green business. Opportunities for profitable businesses will be identified and researched. The concepts of environmental stewardship and sustainability will be assessed together with market forces and economic development. Market analysis, organizational structures, management tools,and financial models will be constructed and evaluated both from the role of the entrepreneur and the investor. Students will produce environmentally-sustainable, socially responsible, and profitable business plans worthy of attracting investors.", 
            "prefix": "ENV", 
            "number": 324, 
            "name": "Environmental Entrepreneurship"
         }, 
         {
            "url": "http://registrar.princeton.edu/course-offerings/course_details.xml?courseid=011914&term=1124", 
            "details": "How do people use contemporary technologies -- like cell phones, MMORPGs, text messages, and social network sites -- in their daily lives? What impact do these systems have on relationships, mobility, global systems, activism, sustainability and art? And can we design new systems to support these experiences? This senior seminar will bring together students in the social and computing sciences in an introduction to qualitative studies in Human Computer Interaction (HCI), to examine our assumptions in computing systems and reach for new dimensions of user experience.", 
            "prefix": "SOC", 
            "number": 409, 
            "name": "Critical Approaches to Human Computer Interaction"
         }, 
         {
            "url": "http://registrar.princeton.edu/course-offerings/course_details.xml?courseid=010769&term=1132", 
            "details": "This course provides real world, hands-on learning on what it's like to actually start a high-tech company. This class is not about how to write a business plan. Instead you will be getting your hands dirty talking to customers, partners, competitors, as you encounter the chaos and uncertainty of how a start-up actually works. You'll work in teams learning how to turn a great idea into a great company. You'll learn how to use a business model to brainstorm each part of a company. Each week will be new adventure as you test each part of your business model and then share the hard earned knowledge with the rest of the class.", 
            "prefix": "EGR", 
            "number": 495, 
            "name": "The Lean Launchpad"
         }, 
         {
            "url": "http://registrar.princeton.edu/course-offerings/course_details.xml?courseid=010971&term=1122", 
            "details": "Radical innovation solves big problems and alters the way we live, colliding with government polices as the effects ripple across national frontiers. Where do these innovations come from, how do they work, and what policy problems do they cause? This class examines the impact of technical innovation on a global scale. Students learn how innovations in areas such as satellite imaging, global positioning, internet search engines, and pandemic vaccines have a profound impact on foreign policy. Students learn to think about innovation from the standpoint of business managers, government regulators, social entrepreneurs, in very practical terms.\n", 
            "prefix": "EGR", 
            "number": 492, 
            "name": "Radical Innovation in Global Markets"
         }, 
         {
            "url": "http://registrar.princeton.edu/course-offerings/course_details.xml?courseid=010770&term=1132", 
            "details": "Why do development projects fail? This course examines why well-meaning development experts get it wrong. It looks closely at what anthropologists mean by culture and why most development experts fail to attend to the cultural forces that hold communities together. By examining development projects from South Asia to the United States, students learn the relevance of exchange relations, genealogies, power, religion, and indigenous law. This semester the class will focus on energy and water.", 
            "prefix": "ANT", 
            "number": 314, 
            "name": "The Anthropology of Development"
         }, 
         {
            "url": "http://registrar.princeton.edu/course-offerings/course_details.xml?courseid=011993&term=1132", 
            "details": "Focus: how entrepreneurial ventures - as compared with international aid programs, private philanthropy and corporate social responsibility initiatives - can potentially address major global challenges such as widespread poverty, intractable disease, slum housing and global warming that affect the lives and well-being of billions. Design: after overview of selected global challenges and the fundamentals of entrepreneurship, we will explore emerging and established ventures in each of these challenge arenas in more detail. Classes: combination of lectures and case discussions, interspersed with conversations with entrepreneurs.", 
            "prefix": "EGR", 
            "number": 498, 
            "name": "Ventures to Address Global Challenges"
         }
      ], 
      "name": "Courses"
   }, 
   {
      "content": [
         {
            "url": "http://princetoneclub.com/collection/hack-classes-2", 
            "details": "Want to create the next revolutionary iOS app? Come to E-Club's iOS Hack Class, and you will have the skills to do that!", 
            "name": "iOS Hack Class"
         }, 
         {
            "url": "http://princetoneclub.com/collection/hack-classes-2", 
            "details": "Come learn how to make stunning websites.", 
            "name": "Web Hack Class"
         }, 
         {
            "url": "http://princetoneclub.com/collection/hack-classes-2", 
            "details": "Designing is at the center of technology. Come learn all about it at E-Club's Design Hack Class.", 
            "name": "Design Hack Class"
         }, 
         {
            "url": "http://princetoneclub.com", 
            "details": "Idea Factory is a hub for diverse minds on campus to come together and drive innovative ideas or just learn about the latest trends in various fields. It\u2019s a platform appropriate to any curious mind regardless of where you are in the process of entrepreneurship be it discovering your interest in potential opportunities, nurturing your nascent idea into a well-developed plan of action, or learning from the mentors in entrepreneurship for key insights. If you have a passion for thinking out-of-the-box, Idea Factory is the place for you! P.S. Free pizza!", 
            "name": "Idea Factory"
         }, 
         {
            "url": "http://princetoneclub.com/collection/speaker-series", 
            "details": "The Princeton Entrepreneurship Speaker Series brings leading entrepreneurs, investors, innovators, and industry leaders to the Princeton campus to speak about their experiences, lead educational workshops, and inspire students to pursue entrepreneurship. The Series this year will feature 1-two blockbuster speaker events each semester that are open to all students, as well as a few targeted towards certain disciplines or audiences. Some of our past guests include Peter Thiel, Fred Wilson, Walter Isaacson, Meg Whitman, and Jack Dorsey.", 
            "name": "Speaker Series"
         }
      ], 
      "name": "Workshops"
   }
]